{
  "cameras" : [
    {
      "group" : "",
      "id" : "cam0",
      "origin" : [
        0,
        0,
        0.225
      ],
      "principal" : [
        1440,
        1440
      ],
      "right" : [
        -1,
        0,
        0
      ],
      "up" : [
        0,
        1,
        0
      ],
      "forward" : [
        0,
        0,
        1
      ],
      "focal" : [
        815.19354839,
        -815.19354839
      ],
      "resolution" : [
        2880,
        2880
      ],
      "type" : "FTHETA",
      "distortion" : [
        0,
        0
      ],
      "fov" : 1.65806,
      "version" : 1
    },
    {
      "group" : "",
      "id" : "cam15",
      "origin" : [
        -0,
        -0,
        -0.225
      ],
      "principal" : [
        1440,
        1440
      ],
      "right" : [
        1,
        0,
        0
      ],
      "up" : [
        0,
        1,
        0
      ],
      "forward" : [
        0,
        0,
        -1
      ],
      "focal" : [
        815.19354839,
        -815.19354839
      ],
      "resolution" : [
        2880,
        2880
      ],
      "type" : "FTHETA",
      "distortion" : [
        0,
        0
      ],
      "fov" : 1.65806,
      "version" : 1
    }
  ]
}
