{
  "cameras" : [
    {
      "group" : "",
      "id" : "cam0",
      "origin" : [
        0,
        0,
        0.225
      ],
      "principal" : [
        1401.7685624526898, 
        1473.2179826050701
      ],
      "right" : [
        -1,
        0,
        0
      ],
      "up" : [
        0,
        1,
        0
      ],
      "forward" : [
        0,
        0,
        1
      ],
      "focal" : [
        837.68562985870028, 
        -837.68562985870028
      ],
      "resolution" : [
        2880,
        2880
      ],
      "type" : "FTHETA",
      "distortion" : [
        0.0070061997594240942, 
        -0.0028033490353413849
      ],
      "fov" : 1.65806,
      "version" : 1
    },
    {
      "group" : "",
      "id" : "cam15",
      "origin" : [
        -0,
        -0,
        -0.225
      ],
      "principal" : [
        1434.0340834253493, 1452.4892354374217
      ],
      "right" : [
        0.99999998313795113, 0.00013857476102685141, 0.00012050366396243163
      ],
      "up" : [
        -0.00013853629040493540, 0.99999993946005850, -0.00031919833283110250
      ],
      "forward" : [
        0.00031919833283110250, -0.00031918163331818905, -0.99999994179564400
      ],
      "focal" : [
        814.70068193239103, -814.70068193239103
      ],
      "resolution" : [
        2880,
        2880
      ],
      "type" : "FTHETA",
      "distortion" : [
        0.0070061997594240942, 
        -0.0028033490353413849
      ],
      "fov" : 1.65806,
      "version" : 1
    }
  ]
}
